{
    "value": 0.5092738752959748,
    "lower_bound": 0.4983584759565322,
    "upper_bound": 0.5199570617974095
}